{"cameraMode":{"drawMode":0,"name":"Shaded","section":"Shading Mode"},"sceneLighting":true,"audioPlay":false,"sceneViewState":{"m_AlwaysRefresh":false,"showFog":true,"showSkybox":true,"showFlares":true,"showImageEffects":true,"showParticleSystems":true,"showVisualEffectGraphs":true,"m_FxEnabled":false},"in2DMode":false,"pivot":{"x":-0.5193123817443848,"y":2.1815969944000246,"z":-0.4432830810546875},"rotation":{"x":0.06913559138774872,"y":-0.8977131843566895,"z":0.1522500216960907,"w":0.40764227509498598},"size":3.9488258361816408,"orthographic":false}