{"cameraMode":{"drawMode":0,"name":"Shaded","section":"Shading Mode"},"sceneLighting":true,"audioPlay":false,"sceneViewState":{"m_AlwaysRefresh":false,"showFog":true,"showSkybox":true,"showFlares":true,"showImageEffects":true,"showParticleSystems":true,"showVisualEffectGraphs":true,"m_FxEnabled":false},"in2DMode":false,"pivot":{"x":-3.6555638313293459,"y":0.29074859619140627,"z":0.7656674981117249},"rotation":{"x":-0.2798284888267517,"y":-0.3313545286655426,"z":0.10359462350606919,"w":-0.8950967192649841},"size":6.232339382171631,"orthographic":false}