{"cameraMode":{"drawMode":0,"name":"Shaded","section":"Shading Mode"},"sceneLighting":true,"audioPlay":false,"sceneViewState":{"m_AlwaysRefresh":false,"showFog":true,"showSkybox":true,"showFlares":true,"showImageEffects":true,"showParticleSystems":true,"showVisualEffectGraphs":true,"m_FxEnabled":false},"in2DMode":false,"pivot":{"x":2.4066972732543947,"y":-7.945975303649902,"z":-1.1767330169677735},"rotation":{"x":0.08039705455303192,"y":-0.9183960556983948,"z":0.24825042486190797,"w":0.2974259853363037},"size":16.764902114868165,"orthographic":false}