{"cameraMode":{"drawMode":0,"name":"Shaded","section":"Shading Mode"},"sceneLighting":true,"audioPlay":false,"sceneViewState":{"m_AlwaysRefresh":false,"showFog":true,"showSkybox":true,"showFlares":true,"showImageEffects":true,"showParticleSystems":true,"showVisualEffectGraphs":true,"m_FxEnabled":false},"in2DMode":false,"pivot":{"x":-3.6555638313293459,"y":0.29074859619140627,"z":0.7656674981117249},"rotation":{"x":-0.1224767416715622,"y":0.4317767918109894,"z":-0.05930132418870926,"w":-0.8916739821434021},"size":6.232339382171631,"orthographic":false}