{"cameraMode":{"drawMode":0,"name":"Shaded","section":"Shading Mode"},"sceneLighting":true,"audioPlay":false,"sceneViewState":{"m_AlwaysRefresh":false,"showFog":true,"showSkybox":true,"showFlares":true,"showImageEffects":true,"showParticleSystems":true,"showVisualEffectGraphs":true,"m_FxEnabled":false},"in2DMode":false,"pivot":{"x":8.345748901367188,"y":8.902297973632813,"z":-3.4505953788757326},"rotation":{"x":0.16538715362548829,"y":-0.23194028437137605,"z":0.04005227982997894,"w":0.9577324986457825},"size":39.851722717285159,"orthographic":false}