{"cameraMode":{"drawMode":0,"name":"Shaded","section":"Shading Mode"},"sceneLighting":true,"audioPlay":false,"sceneViewState":{"m_AlwaysRefresh":false,"showFog":true,"showSkybox":true,"showFlares":true,"showImageEffects":true,"showParticleSystems":true,"showVisualEffectGraphs":true,"m_FxEnabled":false},"in2DMode":false,"pivot":{"x":0.6266477108001709,"y":0.9369927644729614,"z":4.944562911987305},"rotation":{"x":-0.07935881614685059,"y":-0.9205953478813171,"z":0.26521962881088259,"w":-0.2754706144332886},"size":1.4202430248260499,"orthographic":false}